nct_id,tier,influence,consequence,A_influence,A_consequence,B_influence,B_consequence,E_norm
NCT06920277,moderate,1,1,1,1,0,0,0.0666666666666666
NCT03372148,high,1,3,1,3,0,1,0.1333333333333333
NCT07367841,low,0,1,0,1,0,0,0.0666666666666666
NCT06641947,low,0,1,0,1,0,0,0.2
NCT04839198,very_high,3,2,3,2,0,0,0.1333333333333333
NCT02337335,low,0,1,0,1,0,0,0.0666666666666666
NCT07243652,high,2,2,2,2,1,0,0.2666666666666666
NCT07754071,moderate,1,1,1,1,0,0,0.0
NCT07707089,moderate,2,1,2,1,0,0,0.0666666666666666
NCT05534412,moderate,2,0,2,0,1,0,0.2
NCT06634654,high,2,2,2,2,0,0,0.0666666666666666
NCT06349187,moderate,1,1,0,1,1,0,0.0666666666666666
NCT03367325,high,2,2,2,2,1,1,0.2
NCT05875480,moderate,1,2,1,2,0,0,0.2
NCT06721351,very_high,3,2,3,2,2,0,0.2
NCT06803004,very_high,3,2,3,2,0,0,0.2666666666666666
NCT06791499,low,0,0,0,0,0,0,0.2666666666666666
NCT05591443,moderate,1,1,1,1,0,1,0.0666666666666666
NCT05204966,very_high,3,2,3,2,0,0,0.0666666666666666
NCT05320185,low,0,1,0,1,0,0,0.2666666666666666
NCT05610904,very_high,3,2,3,2,0,0,0.2666666666666666
NCT03419325,high,2,2,2,2,1,0,0.2
NCT03964467,high,1,3,1,3,0,0,0.2
NCT06873399,moderate,1,2,1,2,0,0,0.0666666666666666
NCT05781152,very_high,2,3,2,3,1,0,0.2666666666666666
NCT05820347,very_high,3,2,3,2,0,0,0.1333333333333333
NCT06905340,high,2,2,1,2,2,0,0.2
NCT04390516,very_high,3,2,3,2,0,2,0.1333333333333333
NCT04643626,high,3,1,3,1,0,0,0.2
NCT06241664,very_high,2,3,2,3,0,0,0.1333333333333333
NCT05706311,moderate,2,1,2,1,1,0,0.1333333333333333
NCT03108144,high,2,2,2,2,1,0,0.2
NCT04040569,very_high,2,3,2,3,0,0,0.1333333333333333
NCT06617403,moderate,1,1,1,1,0,0,0.0666666666666666
NCT06341205,high,2,2,2,2,0,1,0.2
NCT04131530,moderate,2,1,2,1,0,0,0.0666666666666666
NCT07208734,high,2,2,2,2,0,1,0.2
NCT07116902,very_high,2,3,2,3,0,0,0.1333333333333333
NCT06158542,moderate,1,1,1,1,0,1,0.1333333333333333
NCT03766737,high,3,1,3,1,0,0,0.1333333333333333
NCT05801250,high,2,2,2,2,0,0,0.2
NCT07756398,high,1,3,1,3,0,1,0.3333333333333333
NCT07166692,moderate,2,1,2,1,1,0,0.2
NCT06862414,high,3,1,3,1,0,0,0.2
NCT02974244,low,0,1,0,1,0,1,0.1333333333333333
NCT07462247,low,0,1,0,1,0,0,0.1333333333333333
NCT06690190,low,1,0,1,0,0,0,0.1333333333333333
NCT04655924,very_high,3,3,3,3,1,2,0.4
NCT04737369,low,0,0,0,0,0,0,0.1333333333333333
NCT07690657,very_high,2,3,2,3,0,0,0.2666666666666666
NCT06254144,low,0,1,0,1,0,0,0.1333333333333333
NCT05208294,low,1,0,1,0,0,0,0.2
NCT05318495,high,3,1,3,1,0,0,0.1333333333333333
NCT06649591,moderate,1,1,1,1,0,0,0.1333333333333333
NCT06155643,high,1,3,1,3,0,0,0.0666666666666666
NCT07253883,low,0,1,0,1,0,1,0.2
NCT06073314,low,0,1,0,1,0,0,0.1333333333333333
NCT07179185,high,2,2,2,2,0,0,0.2
NCT05357326,high,2,2,2,2,0,0,0.2666666666666666
NCT05048329,moderate,2,1,2,1,0,0,0.2666666666666666
NCT06608420,moderate,1,1,1,1,1,0,0.1333333333333333
NCT06585878,moderate,1,2,1,2,0,0,0.0666666666666666
NCT07671469,high,2,2,2,2,0,1,0.2666666666666666
NCT03397524,high,2,2,2,2,1,1,0.2666666666666666
NCT06328790,low,0,0,0,0,0,0,0.0666666666666666
NCT04754347,very_high,3,3,3,3,0,0,0.3333333333333333
NCT07111637,very_high,3,2,3,2,0,0,0.1333333333333333
NCT07618416,moderate,1,1,1,1,0,0,0.2
NCT05777187,very_high,3,2,3,2,1,1,0.3333333333333333
NCT07459036,high,3,1,3,1,0,0,0.2666666666666666
NCT03623477,moderate,1,2,1,2,0,0,0.2666666666666666
NCT06184750,high,1,3,1,3,0,0,0.2
NCT06843499,moderate,1,2,1,2,0,0,0.1333333333333333
NCT06969560,low,0,1,0,1,0,1,0.1333333333333333
NCT02330653,high,1,3,1,3,0,0,0.4
NCT02909829,high,2,2,2,2,0,0,0.2
NCT07454967,moderate,2,0,2,0,0,0,0.2
NCT07424755,low,0,1,0,1,0,1,0.1333333333333333
NCT03953014,low,0,1,0,1,0,0,0.0666666666666666
NCT01985984,low,0,1,0,1,0,0,0.1333333333333333
NCT07149142,very_high,3,2,3,2,0,0,0.0666666666666666
NCT05558605,very_high,2,3,2,3,0,1,0.2
NCT07293078,very_high,3,2,3,2,1,1,0.2
NCT07344207,very_high,3,2,3,2,0,1,0.1333333333333333
NCT06366906,moderate,1,1,1,1,0,0,0.2
NCT03524196,moderate,1,1,1,1,0,0,0.0666666666666666
NCT06860360,low,1,0,1,0,0,0,0.1333333333333333
NCT07777224,high,3,1,3,0,0,1,0.2666666666666666
NCT04224298,low,0,0,0,0,0,0,0.1333333333333333
NCT04343794,moderate,1,2,1,2,0,1,0.2666666666666666
NCT05323279,very_high,3,2,3,2,0,0,0.2
NCT06405009,moderate,1,1,1,1,0,0,0.1333333333333333
NCT07454057,low,0,1,0,1,0,1,0.0666666666666666
NCT04875221,moderate,2,1,2,1,0,0,0.2
NCT07798882,very_high,3,2,1,2,3,0,0.2
NCT06921707,very_high,3,2,3,2,1,0,0.2666666666666666
NCT02053051,moderate,1,1,1,1,1,1,0.3333333333333333
NCT05838456,very_high,3,3,3,3,0,0,0.2666666666666666
NCT05515796,high,2,2,2,2,0,0,0.1333333333333333
NCT04623528,low,0,0,0,0,0,0,0.0666666666666666
NCT07252700,high,2,2,2,2,1,0,0.2
NCT06710028,moderate,1,1,1,1,0,0,0.2
NCT03700268,high,2,2,2,2,0,0,0.1333333333333333
NCT03033615,very_high,3,2,3,2,0,1,0.2
NCT06287892,low,1,0,1,0,0,0,0.0666666666666666
NCT03398629,low,0,1,0,1,0,1,0.1333333333333333
NCT03712566,low,0,1,0,1,0,0,0.0666666666666666
NCT06829420,moderate,1,2,1,2,0,0,0.2
NCT05192161,moderate,1,1,1,1,0,1,0.0666666666666666
NCT06770998,very_high,2,3,2,3,0,0,0.3333333333333333
NCT01821105,high,2,2,2,2,0,0,0.3333333333333333
NCT07749404,moderate,1,1,1,1,1,1,0.1333333333333333
NCT06093217,moderate,2,1,2,1,0,1,0.0666666666666666
NCT06411548,very_high,2,3,2,3,0,0,0.1333333333333333
NCT04661891,low,1,0,1,0,0,0,0.0666666666666666
NCT06871150,very_high,2,3,2,3,0,1,0.2666666666666666
NCT05096624,low,1,0,1,0,0,0,0.2
NCT07682831,very_high,3,3,3,3,0,0,0.0666666666666666
NCT03788915,moderate,1,2,1,2,0,1,0.2666666666666666
NCT06428799,low,1,0,1,0,0,0,0.1333333333333333
NCT03022786,moderate,1,1,1,1,1,0,0.2666666666666666
NCT06420479,low,0,1,0,1,0,1,0.0666666666666666
NCT07541547,low,1,0,1,0,0,0,0.4
NCT05463289,very_high,2,3,2,3,2,0,0.1333333333333333
NCT05879250,high,1,3,1,3,0,0,0.1333333333333333
NCT06859840,moderate,1,1,1,1,0,0,0.0666666666666666
NCT07323810,low,1,0,1,0,0,0,0.2
NCT05050084,high,1,3,1,3,0,1,0.2666666666666666
NCT04260256,high,1,3,1,3,0,0,0.1333333333333333
NCT04582474,very_high,3,2,3,2,1,0,0.1333333333333333
NCT07430501,low,1,0,1,0,1,0,0.1333333333333333
NCT06190834,low,0,1,0,1,0,1,0.0666666666666666
NCT05290038,low,0,1,0,1,0,0,0.0666666666666666
NCT03655626,high,2,2,2,2,1,2,0.2666666666666666
NCT04679181,high,2,2,2,2,0,0,0.2
NCT03954847,low,0,1,0,1,0,0,0.0666666666666666
NCT04362657,very_high,3,2,3,2,0,0,0.2
NCT05219175,high,1,3,1,3,0,0,0.1333333333333333
NCT04586556,very_high,3,2,3,2,0,0,0.1333333333333333
NCT05875090,moderate,1,1,1,1,0,0,0.1333333333333333
NCT05815979,low,1,0,1,0,0,0,0.2
NCT03414632,high,1,3,1,3,0,0,0.0666666666666666
NCT07421791,low,1,0,0,0,1,0,0.1333333333333333
NCT06772441,high,2,2,2,2,0,0,0.0
NCT07265154,very_high,3,2,3,2,0,0,0.2666666666666666
NCT06935591,very_high,2,3,2,3,0,0,0.2666666666666666
NCT04606849,high,3,1,3,0,1,1,0.2666666666666666
NCT03461536,very_high,3,2,3,2,1,2,0.3333333333333333
NCT07626229,high,3,1,3,1,0,0,0.2666666666666666
NCT06621225,very_high,3,2,3,2,0,0,0.2
NCT07038434,very_high,3,2,3,2,0,0,0.1333333333333333
NCT04510545,moderate,2,0,2,0,0,0,0.0666666666666666
NCT07301086,low,1,0,1,0,0,0,0.1333333333333333
NCT07269067,low,0,1,0,1,0,0,0.1333333333333333
NCT07623304,very_high,3,2,3,2,1,0,0.0666666666666666
NCT07302906,moderate,2,1,2,1,0,0,0.3333333333333333
NCT05863208,very_high,3,2,3,2,0,0,0.2666666666666666
NCT06178575,moderate,1,1,1,1,0,0,0.0666666666666666
NCT07205276,high,2,2,2,2,0,0,0.1333333333333333
NCT04473326,high,3,1,3,1,0,0,0.3333333333333333
NCT07666074,low,1,0,1,0,0,0,0.1333333333333333
NCT05210166,moderate,1,2,1,2,0,0,0.2
NCT07231627,very_high,3,2,3,2,0,0,0.0666666666666666
NCT07078578,moderate,1,1,1,1,0,1,0.1333333333333333
NCT02813564,high,2,2,2,2,0,0,0.2
NCT03958669,low,0,0,0,0,0,0,0.0666666666666666
NCT07786376,low,1,0,1,0,0,0,0.2
NCT02451670,very_high,3,2,3,2,1,1,0.4
NCT07396792,low,1,0,1,0,0,0,0.0666666666666666
NCT04993287,high,2,2,2,2,0,1,0.2666666666666666
NCT05596929,very_high,3,2,3,2,0,1,0.2
NCT06817174,moderate,1,1,1,1,0,0,0.0
NCT05925764,moderate,2,0,2,0,0,0,0.1333333333333333
NCT04828187,low,0,0,0,0,0,0,0.1333333333333333
NCT05706584,low,1,0,1,0,0,0,0.2
NCT05106621,low,0,1,0,1,0,0,0.1333333333333333
NCT00530478,moderate,2,0,2,0,0,0,0.2
NCT06603922,moderate,1,2,1,2,0,0,0.3333333333333333
NCT04608890,low,1,0,1,0,0,0,0.0666666666666666
NCT07121920,very_high,2,3,2,3,0,0,0.1333333333333333
NCT03952494,high,2,2,2,2,1,0,0.2666666666666666
NCT05041621,high,2,2,2,2,0,0,0.1333333333333333
NCT05284227,very_high,3,2,3,2,1,0,0.1333333333333333
NCT07424534,moderate,1,1,1,1,0,0,0.0666666666666666
NCT06971471,very_high,3,2,3,2,0,0,0.1333333333333333
NCT01454947,high,2,2,2,2,1,0,0.5333333333333333
NCT06162000,low,1,0,1,0,1,0,0.2666666666666666
NCT06939803,high,2,2,2,2,1,1,0.2666666666666666
NCT05923684,moderate,2,1,2,1,0,1,0.0666666666666666
NCT06782438,moderate,2,1,2,1,0,0,0.1333333333333333
NCT05194787,low,0,0,0,0,0,0,0.2
NCT07463833,high,3,1,3,1,2,1,0.1333333333333333
NCT05611151,very_high,3,3,3,3,0,0,0.2666666666666666
NCT04847089,moderate,1,2,1,2,0,0,0.1333333333333333
NCT01399710,high,2,2,2,2,1,0,0.1333333333333333
NCT06792110,very_high,3,3,3,3,0,0,0.1333333333333333
NCT06157515,moderate,2,0,2,0,0,0,0.1333333333333333
NCT05135884,low,0,0,0,0,0,0,0.0666666666666666
NCT06632028,very_high,3,2,3,2,0,1,0.2
NCT07160491,very_high,3,2,3,2,0,1,0.2
